{
  "reports": 1601,
  "total_qa_pairs": 9077,
  "qa_pairs_per_report": {
    "count": 1601,
    "mean": 5.669581511555278,
    "median": 6.0,
    "std": 2.382295805298536,
    "min": 1.0,
    "max": 12.0
  },
  "question_length_words": {
    "stats": {
      "count": 9077,
      "mean": 10.889611104990635,
      "median": 11.0,
      "std": 2.9279736459519734,
      "min": 4.0,
      "max": 24.0
    },
    "histogram": {
      "1-5": 103,
      "6-10": 4068,
      "11-20": 4893,
      "21-30": 13,
      "31-40": 0,
      "41-50": 0,
      "51-100": 0,
      ">100": 0
    }
  },
  "answer_length_words": {
    "stats": {
      "count": 9077,
      "mean": 8.450919907458411,
      "median": 8.0,
      "std": 4.681451034161998,
      "min": 1.0,
      "max": 41.0
    },
    "histogram": {
      "1-5": 2686,
      "6-10": 3787,
      "11-20": 2463,
      "21-30": 129,
      "31-40": 10,
      "41-50": 2,
      "51-100": 0,
      ">100": 0
    }
  },
  "prediction_length_words_by_model": {
    "ctchat": {
      "stats": {
        "count": 9077,
        "mean": 97.7083838272557,
        "median": 104.0,
        "std": 23.921401658528797,
        "min": 3.0,
        "max": 122.0
      },
      "histogram": {
        "1-5": 14,
        "6-10": 254,
        "11-20": 274,
        "21-30": 6,
        "31-40": 7,
        "41-50": 11,
        "51-100": 2628,
        ">100": 5883
      }
    },
    "m3d": {
      "stats": {
        "count": 9077,
        "mean": 3.1246006389776357,
        "median": 2.0,
        "std": 4.365882689668208,
        "min": 0.0,
        "max": 101.0
      },
      "histogram": {
        "1-5": 7947,
        "6-10": 773,
        "11-20": 247,
        "21-30": 48,
        "31-40": 16,
        "41-50": 3,
        "51-100": 10,
        ">100": 1,
        "0": 32
      }
    },
    "med3dvlm": {
      "stats": {
        "count": 9077,
        "mean": 2.4571995152583455,
        "median": 2.0,
        "std": 1.97769377520063,
        "min": 1.0,
        "max": 29.0
      },
      "histogram": {
        "1-5": 8448,
        "6-10": 563,
        "11-20": 62,
        "21-30": 4,
        "31-40": 0,
        "41-50": 0,
        "51-100": 0,
        ">100": 0
      }
    },
    "medevalkit": {
      "stats": {
        "count": 9077,
        "mean": 73.3773273107855,
        "median": 65.0,
        "std": 36.33423705560298,
        "min": 1.0,
        "max": 216.0
      },
      "histogram": {
        "1-5": 21,
        "6-10": 3,
        "11-20": 53,
        "21-30": 351,
        "31-40": 765,
        "41-50": 926,
        "51-100": 5504,
        ">100": 1454
      }
    },
    "medgemma": {
      "stats": {
        "count": 9066,
        "mean": 64.03121553055372,
        "median": 54.0,
        "std": 33.30768950609418,
        "min": 10.0,
        "max": 235.0
      },
      "histogram": {
        "1-5": 0,
        "6-10": 1,
        "11-20": 11,
        "21-30": 259,
        "31-40": 1671,
        "41-50": 1885,
        "51-100": 4309,
        ">100": 930
      }
    },
    "merlin": {
      "stats": {
        "count": 9077,
        "mean": 15.61441004737248,
        "median": 12.0,
        "std": 13.364783295662697,
        "min": 2.0,
        "max": 56.0
      },
      "histogram": {
        "1-5": 2065,
        "6-10": 1532,
        "11-20": 3586,
        "21-30": 301,
        "31-40": 548,
        "41-50": 1020,
        "51-100": 25,
        ">100": 0
      }
    },
    "radfm": {
      "stats": {
        "count": 9077,
        "mean": 9.328412471080753,
        "median": 9.0,
        "std": 5.624687105725527,
        "min": 1.0,
        "max": 88.0
      },
      "histogram": {
        "1-5": 2578,
        "6-10": 2910,
        "11-20": 3282,
        "21-30": 275,
        "31-40": 22,
        "41-50": 6,
        "51-100": 4,
        ">100": 0
      }
    },
    "vila_m3_vista3d": {
      "stats": {
        "count": 9077,
        "mean": 4.081745069957035,
        "median": 3.0,
        "std": 9.288001746411624,
        "min": 1.0,
        "max": 235.0
      },
      "histogram": {
        "1-5": 8374,
        "6-10": 452,
        "11-20": 163,
        "21-30": 9,
        "31-40": 4,
        "41-50": 1,
        "51-100": 36,
        ">100": 38
      }
    }
  }
}