bertscore_f1,bertscore_precision,bertscore_recall,bleu,count,meteor,model,rouge1_f,rouge2_f,rougeL_f,sbert_cosine
0.8602792620658875,0.8178851008415222,0.9082325100898743,3.421871314262478,2735,0.22772790906719084,ctchat,0.18405630085456084,0.09336224448650027,0.1686471078488657,0.5135622024536133
0.8576321601867676,0.8660271167755127,0.8506236672401428,2.4345347034940694,2725,0.10033967475346545,m3d,0.30196391829123637,0.08846742750080812,0.29469739701874725,0.5090413689613342
0.8583276271820068,0.8660768866539001,0.8519142270088196,2.6646545007734,2735,0.10601046452493174,med3dvlm,0.31118250239662854,0.0914846931627911,0.3012870610098035,0.5109370350837708
,,,,0,,medgemma,,,,
0.8733017444610596,0.8611429929733276,0.8874346613883972,4.593531657486996,2735,0.18218210737661614,merlin,0.27096810323140363,0.11099145912480571,0.25716269420905413,0.47410082817077637
0.8870090842247009,0.880109429359436,0.8951459527015686,9.936692570400323,2734,0.2679842474511429,radfm,0.3581306295504688,0.16317503272288733,0.33460623169975034,0.5556396245956421
0.8315111994743347,0.8377954959869385,0.8265753388404846,1.2023766691563953,2735,0.0779849939898772,vila-m3,0.22789329477844306,0.07346856584867145,0.22249284876947048,0.38127246499061584
0.8660399317741394,0.8776878714561462,0.8558161854743958,2.3642926205387944,2735,0.12670917794000933,vila-m3_vista3d,0.3399754606306816,0.1097375898626471,0.3347433160643929,0.5060669779777527
